{
    "stepSizePower": -1,
    "pos": {
        "x": 0.0,
        "y": 0.0,
        "z": 8.839982986450196
    },
    "rot": {
        "x": 9.916424777677013e-15,
        "y": 1.0,
        "z": 3.8941456637076046e-7,
        "w": -4.371138828673793e-8
    },
    "focal": 17.700000762939454,
    "kinectZoom": 7.0
}