{
    "stepSizePower": -1,
    "pos": {
        "x": -9.30000114440918,
        "y": 3.0,
        "z": 12.039998054504395
    },
    "rot": {
        "x": 9.916424777677013e-15,
        "y": 1.0,
        "z": 3.8941456637076046e-7,
        "w": -4.371138828673793e-8
    },
    "focal": 50.0
}