{
    "stepSizePower": -1,
    "pos": {
        "x": 0.0,
        "y": 0.0,
        "z": 8.739999771118164
    },
    "rot": {
        "x": 0.0,
        "y": 1.0,
        "z": 0.0,
        "w": 0.0
    },
    "focal": 17.700002670288087,
    "kinectZoom": 2.0
}