{
    "stepSizePower": -1,
    "pos": {
        "x": 7.450580596923828e-8,
        "y": 0.49999991059303286,
        "z": 2.340001344680786
    },
    "rot": {
        "x": 0.0,
        "y": 1.0,
        "z": 0.0,
        "w": -4.371138828673793e-8
    },
    "focal": 50.0
}