{
    "stepSizePower": -1,
    "pos": {
        "x": 7.450580596923828e-8,
        "y": 1.0,
        "z": 5.039999008178711
    },
    "rot": {
        "x": 9.916424777677013e-15,
        "y": 1.0,
        "z": 3.8941456637076046e-7,
        "w": -4.371138828673793e-8
    },
    "focal": 50.0
}